Employee_Id,First_Name,Last_Name,Job_Title,Employment_Status,Sub_Unit,Supervisor
dfgsjsjdh,123445 34,444444,,,,
0295,99N75 425,5TlV,,,,
0377,a,e,,,,
0312,A8DCo 4Ys,010Z,,,,
01715,Amelia,Brown,,,,
0360,aniket t,t,,,,
708,aniket Ashok,patil,,,,
634,aniket Ashok,patil,,,,
0367,Ash J,Tyson,,,,
0384,Avika G,Tiwari,,,,
0376,Avika G,Tiwari,,,,
0389,Avika G,Tiwari,,,,
0381,Avika G,Tiwari,,,,
0387,Avika G,Tiwari,,,,
0380,Avika G,Tiwari,,,,
0303,bala kumar,ravi,,,,
0292,bmrtahvwhibmrtahvwhi,hbfqkhjfqbhbfqkhjfqb,,,,
0320,Charles,Carter,,,,
00392,Charlotte,Smith,,,,
0363,Christopher,Mcmillan,,,,
0290,dhbrukkuzldhbrukkuzl,ibuvlwtfsfibuvlwtfsf,,,,
0294,DHINA KARAN,P,,,,
09557,Emily,Jones,,,,
1235,FName Mname,LName,,,,
9999,Frijolito,Caserola,,,,
ATPValue,ftdkux,ltsxgy,,,,
ATPValue,fthnvn,ltwrrt,,,,
ATPValue,fthnvn,ltwrrt,,,,
ATPValue,fthyfv,ltrhtm,,,,
ATPValue,ftioiu,ltpugr,,,,
ATPValue,ftioiu,ltpugr,,,,
ATPValue,ftioiu,ltpugr,,,,
ATPValue,ftioiu,ltpugr,,,,
ATPValue,ftndlm,ltdyyf,,,,
ATPValue,ftpjte,ltpzkj,,,,
ATPValue,ftyseo,ltzbbp,,,,
ATPValue,ftyseo,ltzbbp,,,,
ATPValue,ftyseo,ltzbbp,,,,
ATPValue,ftyseo,ltzbbp,,,,
ATPValue,ftyseo,ltzbbp,,,,
ATPValue,ftyseo,ltzbbp,,,,
0315hh,hh,hh,,,,
0365,James,Butler,,,,
JB4646,James T,Brown,,,,
0367010,Jobin Mathew,Sam,,,,
777,John Stan,Smith,HR Manager,Full-Time Permanent,Human Resources,
0303,joker john,selvam,,,,
8888,Jorge,el Curioso,,,,
0361,Joseph,Evans,,,,
0323,Joy,Smith,,,,
0322,Joy,Smith,,,,
0335,Joy,Smith,,,,
0359,Joy,Smith,,,,
0321,Joy,Smith,,,,
0364,Joy,Smith,,,,
0342,Joy,Smith,,,,
0323,Joy,Smith,,,,
0315,JoyToy,SmithSmith,,,,
0308,murugan moorthi,thiru,,,,
0301,Nalim,R P,,,,
0264,njycvonotxnjycvonotx,zguczzwxfazguczzwxfa,,,,
0001,Orange,Test,,,,
0007,Peter Mac,Anderson,Chief Financial Officer,Full-Time Probation,Administration,
1234,Qwerty Qwerty,LName,,,,
0366,Radha,Gupta,,,,
123,Rahul,Das,,,,
0373,Rahul K,Patil,,,,
kkt,Rahul,Das,,,,
0247,Rahul Mulge,Patil,,,,
,Rahul,Das,,,,
,Rahul,Das,,,,
0304,Rahul,Das,,,,
,Rama Prabha,Gopal,Payroll Administrator,,,
0277,Ranga,Akunuri,,,,
3322,Ravi M,B,,,,
0042,Rebecca,Harmony,QA Engineer,Full-Time Contract,Quality Assurance,
0261,rkbqaoxdhzrkbqaoxdhz,lszuvmchnilszuvmchni,,,,
0315b,Rosanna Ryan,Pagac,,,,
0034,Russel,Hamilton,Software Engineer,Full-Time Permanent,Development,
0300,Sagar hag,hgfkag,,,,
0087,Sania,Shaheen,Customer Success Manager,Full-Time Permanent,Technical Support,
0103,Sara,Tencrady,Payroll Administrator,Full-Time Permanent,Human Resources,John Smith
0289,savi g,n,,,,
0271,savi N,n,,,,
0270,savi g,n,,,,
0266,savi N,g,,,,
0303029900,savina dulvin,dulvin,,,,
0293029900,savina dulvin,dulvin,,,,
0291029900,savina dulvin,dulvin,,,,
03671,Sharath V,Thampi,,,,
03660447,Shivaduth S,Thampi,,,,
0303,siva kumar,selvi,,,,
0319,sree hema,latha,,,,
0310,sww,test,,,,
0313,sww,test,,,,
0388,Syed Nasir,Shah,,,,
0386,Syed Nasir,Shah,,,,
03694567,Thomas Kutty,Benny,,,,
0039,Timothy Lewis,Amiano,,,,
0318,Tristan,L,,,,
0279,uehwadquzwuehwadquzw,hzzdyzwxmwhzzdyzwxmw,,,,
0285,Urvi,Sri,,,,
0273,Urvi,Sri,,,,
0284,Urvi,Sri,,,,
0281,Urvi,Sri,,,,
0280,Urvi,Sri,,,,
0274,Urvi,Sri,,,,
0249,Virat,Kohli,,,,
09876,yedghjb1 ru84,90jsnd,,,,
0311,yqlluQZYFR,yaTQBtZgLf,,,,
0259,zlnudvgazrzlnudvgazr,smzocpbvswsmzocpbvsw,,,,
